country,year,primary_energy_consumption,oil_production,gas_production,coal_production,renewables_consumption,solar_electricity,wind_electricity,hydro_electricity,nuclear_electricity
China,1900,,0.0,0.0,0.0,,,,,
China,1901,,0.0,0.0,0.0,,,,,
China,1902,,0.0,0.0,0.2906337082386017,,,,,
China,1903,,0.0,0.0,6.02193021774292,,,,,
China,1904,,0.0,0.0,6.411379337310791,,,,,
China,1905,,0.0,0.0,7.050773620605469,,,,,
China,1906,,0.0,0.0,52.50588607788086,,,,,
China,1907,,0.0,0.0,51.6746711730957,,,,,
China,1908,,0.0,0.0,69.75209045410156,,,,,
China,1909,,0.0,0.0,63.939414978027344,,,,,
China,1910,,0.0,0.0,57.53384780883789,,,,,
China,1911,,0.0,0.0,85.44630432128906,,,,,
China,1912,,0.0,0.0,30.02827453613281,,,,,
China,1913,,0.0,0.0,33.004364013671875,,,,,
China,1914,,0.0,0.0,46.35026168823242,,,,,
China,1915,,0.0,0.0,49.36703872680664,,,,,
China,1916,,0.0,0.0,55.12158584594727,,,,,
China,1917,,0.0,0.0,60.9110107421875,,,,,
China,1918,,0.0,0.0,64.572998046875,,,,,
China,1919,,0.0,0.0,74.43128967285156,,,,,
China,1920,,0.0,0.0,82.1388931274414,,,,,
China,1921,,0.0,0.0,77.59919738769531,,,,,
China,1922,,0.0,0.0,81.7261962890625,,,,,
China,1923,,0.0,0.0,98.65851593017578,,,,,
China,1924,,0.0,0.0,107.6797866821289,,,,,
China,1925,,0.0,0.0,101.94268035888672,,,,,
China,1926,,0.023259999230504,0.0,90.77652740478516,,,,,
China,1927,,0.0348899997770786,0.0,102.84945678710938,,,,,
China,1928,,0.0348899997770786,0.0,104.51187896728516,,,,,
China,1929,,0.046519998461008,0.0,109.59215545654295,,,,,
China,1930,,0.5814999938011169,0.0,115.6257095336914,,,,,
China,1931,,0.7094299793243408,0.0,122.6067352294922,,,,,
China,1932,,0.8141000270843506,0.0,117.4915771484375,,,,,
China,1933,,1.0118099451065063,0.0,128.3147735595703,,,,,
China,1934,,1.0699599981307983,0.0,149.97280883789062,,,,,
China,1935,,1.6398299932479858,0.0,174.92079162597656,,,,,
China,1936,,1.9305800199508667,0.0,196.4335021972656,,,,,
China,1937,,2.2562201023101807,0.0,182.44239807128903,,,,,
China,1938,,3.163360118865967,0.0,167.1085662841797,,,,,
China,1939,,4.4659199714660645,0.0,201.63003540039065,,,,,
China,1940,,6.803549766540527,0.0,257.6990966796875,,,,,
China,1941,,7.710690021514893,0.0,322.15582275390625,,,,,
China,1942,,9.501709938049316,0.0,339.3090209960937,,,,,
China,1943,,3.6169300079345694,0.0,293.3017272949219,,,,,
China,1944,,2.337630033493042,0.0,296.6033020019531,,,,,
China,1945,,2.035249948501587,0.0,152.7861328125,,,,,
China,1946,,0.8141000270843506,0.0,94.99071502685548,,,,,
China,1947,,0.6047599911689758,0.0,101.94268035888672,,,,,
China,1948,,0.8489900231361389,0.0,72.19341278076172,,,,,
China,1949,,1.372339963912964,0.0,180.19290161132807,,,,,
China,1950,,2.349260091781616,0.0,249.4799652099609,,,,,
China,1951,,3.5587799549102783,0.0,308.5948486328125,,,,,
China,1952,,5.070680141448975,0.0,386.4846801757813,,,,,
China,1953,,7.233860015869141,0.0,405.0271301269531,,,,,
China,1954,,9.176070213317873,0.0,486.2882995605469,,,,,
China,1955,,11.234580039978027,1.3247578144073486,571.3858642578125,,,,,
China,1956,,13.525690078735352,2.769948005676269,641.4866943359375,,,,,
China,1957,,16.979799270629883,3.974273443222046,759.890869140625,,,,,
China,1958,,26.330320358276367,4.757084846496582,1569.4219970703125,,,,,
China,1959,,43.03099822998047,5.539896011352539,2021.6480712890625,,,,,
China,1960,,63.96500015258789,6.322707653045654,2441.322998046875,,,,,
China,1961,,72.10600280761719,7.1055192947387695,1453.16845703125,,,,,
China,1962,,79.08399963378906,7.888330459594727,1453.16845703125,,,,,
China,1963,,87.2249984741211,8.671141624450684,1453.16845703125,,,,,
China,1964,,98.8550033569336,9.453953742980955,1685.6754150390625,,,,,
China,1965,1536.1942138671875,131.53530883789062,10.236764907836914,1737.989501953125,61.38055419921875,0.0,0.0,22.097000122070312,0.0
China,1966,1669.3079833984375,169.2165069580078,11.019576072692873,1900.744384765625,62.46084976196289,0.0,0.0,22.48590660095215,0.0
China,1967,1501.068359375,161.42440795898438,11.802387237548828,1319.47705078125,53.843017578125,0.0,0.0,19.383487701416016,0.0
China,1968,1516.69580078125,185.9636993408203,12.585199356079102,1743.80224609375,63.52887344360352,0.0,0.0,22.87039566040039,0.0
China,1969,1845.1861572265625,252.8361968994141,15.355147361755373,1889.1190185546875,64.60916900634766,0.0,0.0,23.259302139282227,0.0
China,1970,2361.698486328125,356.4595031738281,28.925762176513672,2092.562744140625,66.76976776123047,0.0,0.0,24.03711700439453,0.0
China,1971,2800.124267578125,458.3382873535156,37.69419860839844,2266.94287109375,80.76453399658203,0.0,0.0,29.075233459472656,0.0
China,1972,3018.836669921875,531.14208984375,48.78072738647461,2325.069580078125,91.53067779541016,0.0,0.0,32.951045989990234,0.0
China,1973,3186.892822265625,623.4843139648438,60.27040481567383,2499.44970703125,102.29682159423828,0.0,0.0,36.82685852050781,0.0
China,1974,3286.76171875,754.2055053710938,75.892333984375,2615.703369140625,115.76372528076172,0.0,0.0,41.67494201660156,0.0
China,1975,3680.44140625,896.207763671875,89.1961669921875,2731.956787109375,121.14065551757812,0.0,0.0,43.61063766479492,0.0
China,1976,3874.82666015625,1013.6708374023438,101.79449462890624,2790.08349609375,122.7611083984375,0.0,0.0,44.19400024414063,0.0
China,1977,4225.15185546875,1089.033203125,122.15339660644533,3063.279296875,128.1503143310547,0.0,0.0,46.13411712646485,0.0
China,1978,4632.03271484375,1210.1015625,138.38003540039062,3446.915771484375,120.0726318359375,0.0,0.0,43.22615051269531,0.0
China,1979,4771.826171875,1234.5245361328125,146.2414093017578,3545.731201171875,134.87762451171875,0.0,0.0,48.555946350097656,0.0
China,1980,4827.53369140625,1232.198486328125,143.822509765625,4051.28369140625,161.72547912597656,0.0,0.0,58.22117614746094,0.0
China,1981,4763.849609375,1177.1885986328125,128.40216064453125,3614.60400390625,181.98106384277344,0.0,0.0,65.51318359375,0.0
China,1982,4976.8701171875,1187.6556396484375,120.23844909667967,3874.534423828125,206.7051544189453,0.0,0.0,74.41385650634766,0.0
China,1983,5297.6982421875,1233.5941162109375,123.06047058105467,4154.8173828125,240.04705810546875,0.0,0.0,86.41694641113281,0.0
China,1984,5685.14453125,1332.914306640625,125.27777862548828,4589.19775390625,241.1519317626953,0.0,0.0,86.814697265625,0.0
China,1985,6150.37109375,1452.5870361328125,130.31710815429688,5072.4248046875,256.632080078125,0.0,0.0,92.38755798339844,0.0
China,1986,6444.10595703125,1519.9246826171875,138.68240356445312,5198.60986328125,262.6351013183594,0.0,0.0,94.54864501953124,0.0
China,1987,6950.2392578125,1560.0482177734375,139.99261474609375,5396.9013671875,277.84521484375,0.0,0.0,100.02427673339844,0.0
China,1988,7467.11181640625,1593.8914794921875,143.7217254638672,5698.11865234375,303.2445068359375,0.0,0.0,109.16802215576172,0.0
China,1989,7836.4365234375,1600.753173828125,151.67379760742188,6130.1728515625,328.913818359375,0.0,0.0,118.4089813232422,0.0
China,1990,7938.24951171875,1608.5452880859375,154.18338012695312,6279.51953125,352.2777709960937,0.0020000000949949,0.0020202021114528,126.74397277832033,0.0
China,1991,8337.6103515625,1639.7137451171875,156.1184844970703,6323.26611328125,346.5889892578125,0.0020000000949949,0.0090909088030457,124.68894958496094,0.0
China,1992,8773.7080078125,1651.9251708984375,159.14208984375,6491.74951171875,363.74310302734375,0.003000000026077,0.1313131302595138,130.6860809326172,0.0
China,1993,9457.6337890625,1675.06884765625,168.96878051757812,6691.14599609375,422.7608337402344,0.0040000001899898,0.2121212184429168,151.84616088867188,1.6039999723434448
China,1994,10048.8125,1698.910400390625,176.9712371826172,7210.0244140625,467.5980529785156,0.0049999998882412,0.3838383853435516,167.42897033691406,14.755999565124512
China,1995,10352.658203125,1733.1026611328125,180.91200256347656,7912.65087890625,540.5386352539062,0.0070000002160668,0.6161616444587708,190.5800018310547,12.833000183105469
China,1996,10907.4501953125,1843.587646484375,202.7222137451172,8121.806640625,527.2153930664062,0.0089999996125698,0.0939393937587738,187.97000122070312,14.338000297546388
China,1997,10981.1337890625,1862.31201171875,228.8158721923828,8068.494140625,553.4755859375,0.0109999999403953,0.1979797929525375,195.97999572753903,14.41800022125244
China,1998,11000.56640625,1862.893310546875,234.6211853027344,7745.74658203125,561.248779296875,0.0140000004321336,0.3555555641651153,198.88999938964844,14.100000381469728
China,1999,11386.068359375,1863.358642578125,253.962142944336,7931.64404296875,555.293701171875,0.0170000009238719,0.473737359046936,196.5800018310547,14.949000358581545
China,2000,11800.2841796875,1891.2705078125,274.1396179199219,8226.111328125,627.4334106445312,0.0199999995529651,0.5899999737739563,222.41000366210932,16.739999771118164
China,2001,12470.0634765625,1916.972900390625,305.6757507324219,8715.2294921875,776.434814453125,0.0299999993294477,0.7200000286102295,277.42999267578125,17.469999313354492
China,2002,13580.4912109375,1940.6514892578125,329.17919921875,9307.322265625,801.0562133789062,0.050000000745058,0.8399999737739563,287.9700012207031,25.1299991607666
China,2003,15818.755859375,1972.273681640625,352.90435791015625,10994.3017578125,788.5204467773438,0.0599999986588954,1.0,283.67999267578125,43.34000015258789
China,2004,18509.13671875,2024.2130126953125,417.861328125,12873.73046875,975.653076171875,0.0799999982118606,1.2799999713897705,353.5400085449219,50.470001220703125
China,2005,21027.1640625,2109.13427734375,497.0796508789063,14440.990234375,1097.7137451171875,0.0799999982118606,1.950000047683716,397.0199890136719,53.09000015258789
China,2006,23048.333984375,2148.8251953125,590.1359252929688,15449.5546875,1209.740478515625,0.0900000035762786,3.7100000381469727,435.7900085449219,54.84000015258789
China,2007,25049.576171875,2166.880859375,697.8466186523438,16738.865234375,1349.6395263671875,0.1099999994039535,5.480000019073486,485.260009765625,62.130001068115234
China,2008,26020.462890625,2214.8125,809.316650390625,17349.283203125,1780.234375,0.1500000059604644,13.100000381469728,636.9600219726562,68.38999938964844
China,2009,27158.8984375,2203.768798828125,859.3975219726562,17885.3515625,1774.1500244140625,0.2800000011920929,27.61000061035156,615.6400146484375,70.05000305175781
China,2010,29055.609375,2361.052978515625,965.4451904296876,19367.25,2080.640380859375,0.699999988079071,49.400001525878906,711.3800048828125,74.73999786376953
China,2011,31336.537109375,2359.442138671875,1061.6561279296875,21535.068359375,2089.481201171875,2.609999895095825,74.0999984741211,688.0399780273438,87.19999694824219
China,2012,32624.1796875,2412.968994140625,1114.78076171875,21789.302734375,2618.515869140625,3.5899999141693115,103.0500030517578,862.7899780273438,98.31999969482422
China,2013,33852.56640625,2441.826416015625,1218.107177734375,22034.13671875,2852.831787109375,8.369999885559082,138.25999450683594,909.6099853515624,111.5
China,2014,34729.06640625,2458.919189453125,1311.80859375,21680.76171875,3344.307373046875,23.51000022888184,159.75999450683594,1059.68994140625,133.22000122070312
China,2015,35135.98828125,2495.332763671875,1356.688720703125,21273.958984375,3587.62890625,39.47999954223633,185.58999633789065,1114.52001953125,171.3800048828125
China,2016,35277.7109375,2322.33642578125,1379.4161376953125,19671.232421875,3891.9755859375,66.52999877929688,240.8600006103516,1153.27001953125,213.17999267578125
China,2017,36649.3828125,2227.21484375,1491.994873046875,20326.109375,4243.3447265625,117.8000030517578,304.6000061035156,1165.06005859375,248.1000061035156
China,2018,38409.8203125,2201.838134765625,1614.1884765625,21352.951171875,4659.0869140625,176.89999389648438,365.7999877929688,1198.8900146484375,295.0
China,2019,40188.72265625,2228.6337890625,1767.4144287109375,22154.439453125,5096.05908203125,224.0,405.2999877929688,1272.5400390625,348.70001220703125
China,2020,41493.890625,2265.163330078125,1940.09228515625,22364.935546875,5511.56640625,261.1000061035156,466.5,1321.7099609375,366.2000122070313
China,2021,43847.1796875,2312.986083984375,2092.12890625,23177.974609375,6170.00732421875,327.0,655.7999877929688,1300.0,407.5
China,2022,44516.4921875,2380.916748046875,2218.414306640625,25365.6328125,6712.96923828125,427.2699890136719,762.6699829101562,1298.1199951171875,417.7799987792969
China,2023,47072.01171875,2430.972412109375,2342.58349609375,25933.818359375,7226.69189453125,584.1500244140625,885.8699951171875,1226.0,434.7200012207031
China,2024,48987.1015625,2475.92236328125,2483.896484375,26245.0234375,8470.08203125,839.0399780273438,997.0399780273438,1354.25,450.8500061035156
China,2025,,,,,,1174.9599609375,1135.43994140625,1397.06005859375,487.6099853515625
Germany,1900,,0.5814999938011169,0.0,647.4109497070312,,,,,
Germany,1901,,0.5117200016975403,0.0,653.5057983398438,,,,,
Germany,1902,,0.5814999938011169,0.0,644.8226928710938,,,,,
Germany,1903,,0.7326899766921997,0.0,697.3690185546875,,,,,
Germany,1904,,1.0467000007629397,0.0,725.2562866210938,,,,,
Germany,1905,,0.9187700152397156,0.0,767.3098754882812,,,,,
Germany,1906,,0.9420300126075744,0.0,826.1350708007812,,,,,
Germany,1907,,1.2327799797058103,0.0,871.4566040039062,,,,,
Germany,1908,,1.6398299932479858,0.0,899.591552734375,,,,,
Germany,1909,,1.593309998512268,0.0,909.968017578125,,,,,
Germany,1910,,1.6282000541687012,0.0,923.5812377929688,,,,,
Germany,1911,,1.593309998512268,0.0,971.2196044921876,,,,,
Germany,1912,,1.5700500011444092,0.0,1075.8499755859375,,,,,
Germany,1913,,1.407230019569397,0.0,1167.71142578125,,,,,
Germany,1914,,1.2792999744415283,0.0,1015.1325073242188,,,,,
Germany,1915,,1.1513700485229492,0.0,952.9805297851562,,,,,
Germany,1916,,1.0815900564193726,0.0,1029.9964599609375,,,,,
Germany,1917,,1.0583300590515137,0.0,1076.3148193359375,,,,,
Germany,1918,,0.4419400095939636,0.0,1041.301513671875,,,,,
Germany,1919,,0.4303100109100342,0.0,816.0847778320312,,,,,
Germany,1920,,0.4070500135421753,0.0,934.5696411132812,,,,,
Germany,1921,,0.4419400095939636,0.0,986.736572265625,,,,,
Germany,1922,,0.4884600043296814,0.0,936.2146606445312,,,,,
Germany,1923,,0.5931299924850464,0.0,605.9751586914062,,,,,
Germany,1924,,0.6861699819564819,0.0,903.1021728515624,,,,,
Germany,1925,,0.9187700152397156,0.0,1009.8009033203124,,,,,
Germany,1926,,1.1048500537872314,0.0,1071.83544921875,,,,,
Germany,1927,,1.1281100511550903,0.0,1140.0013427734375,,,,,
Germany,1928,,1.0699599981307983,0.0,1165.1258544921875,,,,,
Germany,1929,,1.197890043258667,0.0,1250.057373046875,,,,,
Germany,1930,,2.0236198902130127,0.0,1075.80810546875,,,,,
Germany,1931,,2.6632699966430664,0.0,923.9232788085938,,,,,
Germany,1932,,2.6749000549316406,0.0,827.9429931640625,,,,,
Germany,1933,,2.7795701026916504,0.0,862.9969482421875,,,,,
Germany,1934,,3.698339939117432,0.0,964.85791015625,,,,,
Germany,1935,,4.966010093688965,0.0,1079.95849609375,,,,,
Germany,1936,,5.175350189208984,0.0,1191.9134521484375,,,,,
Germany,1937,,5.245130062103272,0.0,1380.9337158203125,,,,,
Germany,1938,,7.082670211791992,0.0,1415.8330078125,,,,,
Germany,1939,,8.606200218200684,0.0,1399.5489501953125,,,,,
Germany,1940,,12.281279563903809,0.0,1423.260986328125,,,,,
Germany,1941,,10.490260124206545,0.0,1445.9127197265625,,,,,
Germany,1942,,8.65272045135498,0.0,1472.9378662109375,,,,,
Germany,1943,,8.268930435180664,0.0,1500.06298828125,,,,,
Germany,1944,,8.396860122680664,0.0,1337.00341796875,,,,,
Germany,1945,,6.315090179443359,0.0,335.0296325683594,,,,,
Germany,1946,,7.559500217437744,2.346597909927368,819.8382568359375,,,,,
Germany,1947,,6.710509777069092,1.679216980934143,954.3814086914062,,,,,
Germany,1948,,7.385049819946289,1.4424042701721191,1112.980712890625,,,,,
Germany,1949,,9.792460441589355,1.1625348329544067,1301.1158447265625,,,,,
Germany,1950,,13.013970375061035,1.463932752609253,1389.4547119140625,,,,,
Germany,1951,,15.89820957183838,1.7868590354919434,1507.0611572265625,,,,,
Germany,1952,,20.4106502532959,2.0667285919189453,1569.08984375,,,,,
Germany,1953,,25.458070755004883,2.2389559745788574,1613.14013671875,,,,,
Germany,1954,,31.00558090209961,3.2292633056640625,1669.967041015625,,,,,
Germany,1955,,36.599609375,5.166821479797363,1743.67529296875,,,,,
Germany,1956,,40.8213005065918,7.900930881500244,1793.176513671875,,,,,
Germany,1957,,46.11294937133789,7.685646533966064,1809.2177734375,,,,,
Germany,1958,,51.61394119262695,7.791574001312256,1801.6920166015625,,,,,
Germany,1959,,59.429298400878906,8.722749710083008,1871.443359375,,,,,
Germany,1960,,64.31390380859375,10.062679290771484,1907.466796875,,,,,
Germany,1961,,72.18740844726562,10.966015815734863,1940.827392578125,,,,,
Germany,1962,,79.15377807617188,14.113475799560549,1961.79638671875,,,,,
Germany,1963,,86.2713394165039,21.322067260742188,1998.74560546875,,,,,
Germany,1964,,89.9347915649414,33.102996826171875,2014.4002685546875,,,,,
Germany,1965,2969.293212890625,92.62132263183594,49.95258331298828,1921.315185546875,45.033912658691406,0.0,0.0,16.212209701538086,0.1169999986886978
Germany,1966,2977.001220703125,92.43524169921876,62.467193603515625,1836.169677734375,48.70555114746094,0.0,0.0,17.533998489379883,0.2649999856948852
Germany,1967,2969.431396484375,93.12140655517578,81.67656707763672,1706.1151123046875,46.25642013549805,0.0,0.0,16.652311325073242,1.225000023841858
Germany,1968,3170.41259765625,93.76106262207033,126.88368225097656,1727.8558349609375,46.9416389465332,0.0,0.0,16.898990631103516,1.7660000324249268
Germany,1969,3419.778076171875,92.58643341064452,181.72381591796875,1756.0777587890625,38.092994689941406,0.0,0.0,13.713478088378906,4.936999797821045
Germany,1970,3611.0166015625,88.67874908447266,120.12975311279295,1771.7626953125,51.57971954345703,0.0,0.0,17.53367805480957,6.49399995803833
Germany,1971,3643.556884765625,87.39945220947266,147.99725341796875,1761.48681640625,40.50373077392578,0.0,0.0,13.455187797546388,6.216000080108643
Germany,1972,3770.22265625,83.72437286376953,177.1857452392578,1672.1326904296875,39.86663055419922,0.0,0.0,13.205894470214844,9.522000312805176
Germany,1973,3987.354248046875,77.94425964355469,198.37451171875,1646.1097412109375,45.595008850097656,0.0,0.0,15.229461669921877,12.105999946594238
Germany,1974,3918.02734375,72.62934875488281,206.03700256347656,1637.155029296875,52.35808944702149,0.0,0.0,17.638132095336914,14.458999633789062
Germany,1975,3764.56787109375,67.41911315917969,191.2519989013672,1652.68212890625,50.90117645263672,0.0,0.0,17.059123992919922,24.13800048828125
Germany,1976,4016.904541015625,64.86051177978516,197.20974731445312,1669.91650390625,42.45619201660156,0.0,0.0,13.84683322906494,29.53300094604492
Germany,1977,4007.190673828125,63.59283828735352,196.0660095214844,1626.1119384765625,52.73490905761719,0.0,0.0,17.58216094970703,41.255001068115234
Germany,1978,4152.1767578125,59.6037483215332,202.7124938964844,1616.6312255859375,55.12328338623047,0.0,0.0,18.362234115600582,43.87300109863281
Germany,1979,4382.90869140625,56.21942138671875,203.00474548339844,1663.485107421875,55.5761604309082,0.0,0.0,18.383686065673828,52.06399917602539
Germany,1980,4239.232421875,59.17184829711914,184.81549072265625,1604.1072998046875,59.114383697509766,0.0,0.0,19.06914329528809,55.5890007019043
Germany,1981,4107.2333984375,57.105262756347656,189.32574462890625,1731.166259765625,60.95677947998047,0.0,0.0,19.9146728515625,65.53299713134766
Germany,1982,3962.49072265625,53.93236541748047,166.20249938964844,1738.71630859375,60.44904708862305,0.0,0.0,19.737993240356445,74.4260025024414
Germany,1983,4018.511474609375,52.02862930297852,183.7130126953125,1642.87060546875,56.79106521606445,0.0,0.0,18.71201705932617,78.06300354003906
Germany,1984,4166.99072265625,50.89971923828125,180.52549743652344,1662.827880859375,56.46523666381836,0.0,0.0,18.47917366027832,104.31700134277344
Germany,1985,4290.32861328125,52.02862930297852,171.07699584960938,1728.615478515625,53.47272872924805,0.0,0.0,17.400650024414062,138.64100646972656
Germany,1986,4254.67578125,51.39405059814453,140.15150451660156,1669.0494384765625,56.5777702331543,0.0,0.0010000000474974,18.57198143005371,130.48899841308594
Germany,1987,4291.17822265625,47.58657455444336,157.3054962158203,1616.0662841796875,61.03208160400391,0.0,0.0020000000949949,20.34296989440918,141.72500610351562
Germany,1988,4305.765625,50.13727188110352,146.38426208496094,1603.598876953125,60.91668701171875,0.0,0.0080000003799796,20.079391479492188,156.82000732421875
Germany,1989,4260.189453125,48.15943908691406,153.20249938964844,1530.111083984375,56.21570587158203,0.0,0.0260000005364418,18.243728637695312,161.67100524902344
Germany,1990,4192.6416015625,45.55823516845703,150.2462615966797,1454.181884765625,52.83715057373047,0.0,0.0700000002980232,17.43000030517578,152.47000122070312
Germany,1991,4090.642822265625,45.047508239746094,153.95281982421875,1234.53076171875,49.03020858764648,0.0,0.2199999988079071,14.890000343322754,147.22999572753906
Germany,1992,4009.337646484375,40.08124542236328,156.15968322753906,1135.4910888671875,57.4659538269043,0.0,0.2899999916553497,17.399999618530273,158.8000030517578
Germany,1993,3991.526611328125,38.70278930664063,155.40354919433594,1021.6923828125,59.58990859985352,0.0,0.6700000166893005,17.8799991607666,153.27999877929688
Germany,1994,3954.172119140625,37.16267395019531,162.92095947265625,941.4317016601562,64.877197265625,0.0,1.4299999475479126,19.93000030517578,150.6999969482422
Germany,1995,3974.795166015625,37.43384552001953,168.1171875,919.3460693359376,70.82093811035156,0.0,1.7100000381469729,21.780000686645508,153.08999633789062
Germany,1996,4105.845703125,37.7449951171875,182.06173706054688,860.4739990234375,65.19486236572266,0.0099999997764825,2.0799999237060547,21.959999084472656,160.02000427246094
Germany,1997,4053.18701171875,35.53042984008789,178.96685791015625,824.1912841796875,69.0156021118164,0.0099999997764825,3.0299999713897705,17.360000610351562,170.3300018310547
Germany,1998,4019.631591796875,37.43384552001953,174.86965942382812,756.0475463867188,74.81423950195312,0.0099999997764825,4.590000152587891,17.219999313354492,161.63999938964844
Germany,1999,3963.560302734375,34.895957946777344,186.7831878662109,735.9454956054688,83.39287567138672,0.0199999995529651,5.53000020980835,19.64999961853028,170.0
Germany,2000,3988.17919921875,40.6015739440918,176.6544952392578,706.086669921875,108.74981689453124,0.0,9.350000381469728,21.729999542236328,169.61000061035156
Germany,2001,4062.799072265625,41.15375518798828,178.3338165283203,677.528076171875,113.21721649169922,0.1000000014901161,10.460000038146973,22.729999542236328,171.3000030517578
Germany,2002,4011.722900390625,43.69145202636719,177.86782836914062,679.4618530273438,134.41940307617188,0.2000000029802322,15.859999656677246,23.1200008392334,164.83999633789062
Germany,2003,4010.470947265625,45.87152099609375,185.15663146972656,672.2003784179688,138.84596252441406,0.3100000023841858,19.09000015258789,18.31999969482422,165.05999755859375
Germany,2004,4009.893310546875,43.19960784912109,171.3351593017578,679.3446655273438,172.27450561523438,0.5600000023841858,26.020000457763672,20.75,167.07000732421875
Germany,2005,3962.63525390625,42.46268844604492,165.42674255371094,657.9307861328125,196.8682098388672,1.309999942779541,27.770000457763672,19.63999938964844,163.0500030517578
Germany,2006,4062.38720703125,42.86075210571289,163.42210388183594,620.4534912109375,234.34043884277344,2.2699999809265137,31.31999969482422,20.030000686645508,167.27000427246094
Germany,2007,3893.42333984375,42.07678985595703,149.69735717773438,632.8358764648438,285.448974609375,3.140000104904175,40.5099983215332,21.170000076293945,140.52999877929688
Germany,2008,3934.666259765625,38.17261505126953,136.35067749023438,582.6157836914062,294.3480834960937,4.510000228881836,41.380001068115234,20.440000534057617,148.49000549316406
Germany,2009,3692.17822265625,34.895957946777344,127.46168518066406,539.802734375,299.1275634765625,6.71999979019165,39.41999816894531,19.030000686645508,134.92999267578125
Germany,2010,3847.1513671875,31.08865737915039,111.23992156982422,533.7949829101562,323.7440185546875,11.960000038146973,38.54999923706055,20.950000762939453,140.55999755859375
Germany,2011,3710.584716796875,32.35758209228516,104.65450286865234,543.4824829101562,374.9230346679688,19.989999771118164,49.86000061035156,17.670000076293945,107.97000122070312
Germany,2012,3761.916259765625,32.446231842041016,94.6137237548828,555.5952758789062,428.2760314941406,26.739999771118164,51.68000030517578,21.75,99.45999908447266
Germany,2013,3868.51708984375,32.71566390991211,86.04125213623047,524.756103515625,445.7980651855469,30.6200008392334,52.7400016784668,23.0,97.29000091552734
Germany,2014,3710.464599609375,30.50981903076172,80.82743072509766,513.2765502929688,472.9235534667969,35.45000076293945,58.5,19.59000015258789,97.12999725341795
Germany,2015,3780.85986328125,30.494176864624023,75.24433135986328,497.9094543457031,537.013427734375,38.08000183105469,80.62000274658203,18.979999542236328,91.79000091552734
Germany,2016,3841.451171875,29.63895606994629,69.23041534423828,460.9722290039063,537.3480834960938,37.560001373291016,79.91999816894531,20.549999237060547,84.62999725341797
Germany,2017,3949.555908203125,,63.76161193847656,458.4444885253906,602.5205688476562,38.7599983215332,105.69000244140624,20.14999961853028,76.31999969482422
Germany,2018,3845.41357421875,,55.41773986816406,439.4076232910156,619.7752075195312,44.31999969482422,109.9499969482422,17.690000534057617,76.0
Germany,2019,3753.70361328125,,53.30759048461914,330.5278015136719,661.8125,45.220001220703125,125.88999938964844,19.729999542236328,75.06999969482422
Germany,2020,3498.9150390625,,45.32420349121094,271.9445495605469,692.77978515625,49.5,132.11000061035156,18.71999931335449,64.37999725341797
Germany,2021,3598.492431640625,,45.36816787719727,320.3333435058594,644.4158935546875,49.34000015258789,114.16000366210938,19.65999984741211,69.12999725341797
Germany,2022,3455.449951171875,,42.572750091552734,331.343994140625,695.2796630859375,60.29999923706055,124.80999755859376,17.6200008392334,34.709999084472656
Germany,2023,3178.885986328125,,38.06118774414063,254.48016357421875,741.0211181640625,63.869998931884766,140.5399932861328,21.239999771118164,7.21999979019165
Germany,2024,3195.44140625,,36.60266876220703,228.76210021972656,756.72119140625,74.12999725341797,141.60000610351562,23.82999992370605,0.0
Germany,2025,,,,,,89.62000274658203,136.02999877929688,19.559999465942383,0.0
India,1900,,1.674720048904419,0.0,39.54738235473633,,,,,
India,1901,,2.221329927444458,0.0,42.88753128051758,,,,,
India,1902,,2.512079954147339,0.0,47.99000930786133,,,,,
India,1903,,3.896049976348877,0.0,48.07271957397461,,,,,
India,1904,,5.245130062103272,0.0,53.111576080322266,,,,,
India,1905,,6.408130168914795,0.0,54.41582489013672,,,,,
India,1906,,6.23367977142334,0.0,63.24018478393555,,,,,
India,1907,,6.73376989364624,0.0,72.05818176269531,,,,,
India,1908,,7.826990127563477,0.0,82.5494384765625,,,,,
India,1909,,10.350700378417969,0.0,76.72802734375,,,,,
India,1910,,9.51333999633789,0.0,77.87322235107422,,,,,
India,1911,,10.00179958343506,0.0,82.19951629638672,,,,,
India,1912,,11.036870002746582,0.0,95.0638656616211,,,,,
India,1913,,12.292909622192385,0.0,104.77256774902344,,,,,
India,1914,,11.47881031036377,0.0,106.42674255371094,,,,,
India,1915,,12.723219871520996,0.0,110.56216430664062,,,,,
India,1916,,13.165160179138184,0.0,111.53557586669922,,,,,
India,1917,,12.52550983428955,0.0,117.73235321044922,,,,,
India,1918,,12.409210205078123,0.0,133.95594787597656,,,,,
India,1919,,13.537320137023926,0.0,146.2731475830078,,,,,
India,1920,,13.607099533081056,0.0,116.10999298095705,,,,,
India,1921,,14.74683952331543,0.0,124.78166198730467,,,,,
India,1922,,14.397939682006836,0.0,122.89208984375,,,,,
India,1923,,14.188599586486816,0.0,127.06568908691406,,,,,
India,1924,,14.211859703063965,0.0,136.89527893066406,,,,,
India,1925,,13.96763038635254,0.0,135.1265869140625,,,,,
India,1926,,12.79300022125244,0.0,135.74371337890625,,,,,
India,1927,,13.00234031677246,0.0,142.74212646484375,,,,,
India,1928,,2.000360012054444,0.0,145.7259979248047,,,,,
India,1929,,2.407409906387329,0.0,151.3883514404297,,,,,
India,1930,,2.488820075988769,0.0,153.86959838867188,,,,,
India,1931,,2.791199922561645,0.0,140.37539672851562,,,,,
India,1932,,2.7795701026916504,0.0,130.27223205566406,,,,,
India,1933,,2.6051199436187744,0.0,127.9245834350586,,,,,
India,1934,,3.070319890975952,0.0,142.58306884765625,,,,,
India,1935,,3.2564001083374023,0.0,148.7862091064453,,,,,
India,1936,,3.070319890975952,0.0,146.1649932861328,,,,,
India,1937,,3.361069917678833,0.0,161.8414306640625,,,,,
India,1938,,3.872790098190308,0.0,183.2183837890625,,,,,
India,1939,,3.6169300079345694,0.0,179.5092315673828,,,,,
India,1940,,4.291470050811768,0.0,189.9750366210937,,,,,
India,1941,,4.500810146331787,0.0,190.4649200439453,,,,,
India,1942,,4.337989807128906,0.0,190.26133728027344,,,,,
India,1943,,4.256579875946045,0.0,164.91436767578125,,,,,
India,1944,,4.32636022567749,0.0,168.89073181152344,,,,,
India,1945,,3.6750800609588623,0.0,188.5435485839844,,,,,
India,1946,,3.407589912414551,0.0,186.80030822753903,,,,,
India,1947,,2.895869970321656,0.0,191.78826904296875,,,,,
India,1948,,2.919130086898804,0.0,191.6546630859375,,,,,
India,1949,,2.942389965057373,0.0,201.649658203125,,,,,
India,1950,,3.01217007637024,0.0,208.8452911376953,,,,,
India,1951,,3.128469944000244,0.0,222.371322631836,,,,,
India,1952,,3.058690071105957,0.0,234.66943359375,,,,,
India,1953,,3.163360118865967,0.0,232.5826416015625,,,,,
India,1954,,3.5704100131988525,0.0,238.39767456054688,,,,,
India,1955,,4.035610198974609,0.0,247.1011505126953,,,,,
India,1956,,4.605480194091797,0.0,254.7230682373047,,,,,
India,1957,,5.117199897766113,0.0,281.2343139648437,,,,,
India,1958,,5.105569839477539,0.0,293.0870666503906,,,,,
India,1959,,5.233500003814697,0.0,304.2463684082031,,,,,
India,1960,,5.280020236968994,1.6156718730926514,334.60675048828125,,,,,
India,1961,,5.966189861297607,1.2437186241149902,356.6962585449219,,,,,
India,1962,,12.537139892578123,2.4874372482299805,390.44769287109375,,,,,
India,1963,,19.21276092529297,3.1151084899902344,419.6246948242188,,,,,
India,1964,,25.72555923461914,3.742779493331909,397.2552490234375,,,,,
India,1965,619.4514770507812,35.1458625793457,4.649415493011475,427.2975158691406,53.24148941040039,0.0,0.0,19.16693687438965,0.0
India,1966,638.413818359375,54.04460906982422,4.335579872131348,432.4635925292969,55.59850692749024,0.0,0.0,20.01546287536621,0.0
India,1967,658.4335327148438,65.90721130371094,5.416569232940674,434.04779052734375,62.21533203125,0.0,0.0,22.397520065307617,0.0
India,1968,703.9852294921875,68.07038879394531,7.020617485046387,450.5322265625,71.80297088623047,0.0,0.0,25.849071502685547,0.0
India,1969,780.4359741210938,78.18849182128906,8.473559379577637,479.77923583984375,79.72106170654297,0.0,0.0,28.699583053588867,0.7247815728187561
India,1970,763.7407836914062,79.18866729736328,6.328466415405273,468.88079833984375,84.54557037353516,0.0,0.0,30.4364070892334,1.3081424236297607
India,1971,794.3862915039062,83.5615463256836,6.70621919631958,456.9580383300781,92.7337417602539,0.0,0.0,33.38414764404297,0.9722679853439332
India,1972,835.8585815429688,85.74799346923828,7.3559064865112305,481.3506774902344,90.0084457397461,0.0,0.0,32.40304183959961,0.9236546158790588
India,1973,853.32373046875,83.71273803710938,7.336656093597412,495.4238586425781,95.85187530517578,0.0,0.0,34.506675720214844,1.9533747434616089
India,1974,903.9876098632812,87.10869598388672,8.30396842956543,535.0730590820312,92.2304229736328,0.0,0.0,33.20295333862305,1.7986958026885986
India,1975,972.01123046875,96.33129119873048,10.630812644958496,610.2041625976562,110.19036865234376,0.0,0.0,39.66853332519531,2.143409013748169
India,1976,1019.4540405273438,100.70417785644533,12.91434383392334,641.7924194335938,115.27267456054688,0.0,0.0,41.498165130615234,2.656059503555298
India,1977,1078.320068359375,118.45155334472656,13.792624473571776,637.9942016601562,125.7687530517578,0.0,0.0,45.27675247192383,1.851728558540344
India,1978,1120.9727783203125,131.08172607421875,15.40481185913086,646.0233154296875,156.04164123535156,0.0,0.0,56.174991607666016,2.262732744216919
India,1979,1182.958984375,149.31756591796875,19.15856170654297,658.1941528320312,150.46829223632812,0.0,0.0,54.16858673095703,2.3467013835906982
India,1980,1218.5989990234375,109.31037139892578,11.33103084564209,540.4085693359375,154.00379943847656,0.0,0.0,55.44137191772461,2.448347568511963
India,1981,1349.2845458984375,174.1592559814453,19.781782150268555,741.7437744140625,164.11932373046875,0.0,0.0,59.08295822143555,2.466025114059448
India,1982,1336.0489501953125,231.21603393554688,25.93456268310547,734.2449340820312,138.49908447265625,0.0,0.0,49.85967254638672,2.156667232513428
India,1983,1405.0501708984375,294.8902893066406,30.85775184631348,776.8369750976562,133.45359802246094,0.0,0.0,48.04329681396485,3.0759024620056152
India,1984,1500.9185791015625,327.8962097167969,35.34059524536133,815.0645751953125,149.117919921875,0.0,0.0,53.68245315551758,4.039331436157227
India,1985,1584.2626953125,351.249267578125,43.2282829284668,841.7091064453125,143.9251251220703,0.0,0.0,51.81304550170898,4.507788181304932
India,1986,1695.590576171875,367.7638549804688,60.40024185180664,905.4258422851562,146.0243377685547,0.0,0.0,52.56876373291016,5.020438194274902
India,1987,1802.8536376953125,356.8549194335937,69.5770034790039,992.4843139648438,136.0070343017578,0.0,0.0,48.96253204345703,5.320957660675049
India,1988,1962.301513671875,375.4861755371094,81.5048828125,1055.135498046875,151.7081756591797,0.0,0.0,54.61494445800781,6.076674938201904
India,1989,2143.41357421875,400.6418762207031,96.90459442138672,1147.42724609375,176.02716064453125,0.0,0.0,63.36977767944336,4.02165412902832
India,1990,2300.701171875,397.4087524414063,115.92735290527344,1236.166748046875,184.63790893554688,0.0,0.0303030312061309,66.39706420898438,6.394871711730957
India,1991,2427.6630859375,374.25341796875,129.10801696777344,1321.8240966796875,205.9409637451172,0.0,0.1129100024700164,73.91888427734375,5.413764953613281
India,1992,2552.772216796875,339.4331970214844,144.34690856933594,1395.098388671875,195.2320251464844,0.0,0.0884699970483779,70.06074523925781,6.40371036529541
India,1993,2616.248046875,324.1862487792969,146.6708526611328,1441.369140625,197.53005981445312,0.0,0.09476999938488,70.73249816894531,6.226934432983398
India,1994,2757.12109375,376.5561218261719,158.56918334960938,1466.09521484375,224.53114318847656,0.0,0.1912800073623657,80.21211242675781,4.945308685302734
India,1995,2963.117919921875,426.20458984375,180.77828979492188,1547.9033203125,214.0350646972656,0.0010101010557264,0.4964700043201446,75.9208755493164,7.614626407623291
India,1996,3081.63134765625,404.7239990234375,197.3172149658203,1658.954345703125,196.646240234375,0.0060606058686971,0.8783800005912781,69.05754089355469,8.40127944946289
India,1997,3252.009765625,413.8535461425781,214.52633666992188,1713.905517578125,200.85955810546875,0.0060606058686971,0.9879999756813048,70.21100616455078,10.071812629699709
India,1998,3449.49658203125,403.5028381347656,235.42874145507807,1703.4461669921875,239.3663330078125,0.0060606058686971,1.0789999961853027,83.63272857666016,11.371116638183594
India,1999,3546.36279296875,402.560791015625,241.2336883544922,1666.204345703125,237.773178100586,0.0060606058686971,1.4459999799728394,82.24945068359375,12.727871894836426
India,2000,3725.401123046875,397.3273315429688,253.6269378662109,1771.1917724609375,224.1593475341797,0.0099999997764825,1.5800000429153442,76.98999786376953,15.770000457763672
India,2001,3740.87353515625,397.4784851074219,254.2774810791016,1793.7572021484375,212.1622314453125,0.0099999997764825,2.0899999141693115,72.0199966430664,18.88999938964844
India,2002,3870.80859375,409.8644714355469,265.54412841796875,1873.271484375,201.23098754882807,0.0099999997764825,2.0899999141693115,68.54000091552734,19.350000381469727
India,2003,4008.7099609375,411.56243896484375,284.2689819335937,1954.73388671875,205.48501586914065,0.0199999995529651,2.5999999046325684,69.30000305175781,18.13999938964844
India,2004,4352.6513671875,422.5760498046875,281.37762451171875,2110.9716796875,298.4032287597656,0.0199999995529651,5.230000019073486,100.63999938964844,21.26000022888184
India,2005,4608.4169921875,406.177734375,285.1213684082031,2207.15966796875,291.8139953613281,0.0199999995529651,5.989999771118164,97.41999816894533,17.729999542236328
India,2006,4854.86669921875,419.2033386230469,281.8681030273437,2303.685302734375,344.7429504394531,0.0099999997764825,9.34000015258789,112.62000274658205,17.6299991607666
India,2007,5268.9599609375,423.808837890625,289.6451416015625,2446.7548828125,381.6436462402344,0.0599999986588954,11.68000030517578,122.61000061035156,17.829999923706055
India,2008,5576.52880859375,439.5325927734375,293.9186096191406,2647.512451171875,372.70361328125,0.0599999986588954,14.380000114440918,115.16999816894533,15.229999542236328
India,2009,5988.3896484375,441.8934631347656,361.4993896484375,2857.77099609375,355.86181640625,0.0799999982118606,16.270000457763672,106.33999633789062,16.81999969482422
India,2010,6247.89013671875,479.6619873046875,474.2918701171875,2937.109130859375,376.9512023925781,0.1099999994039535,19.459999084472656,108.73999786376952,23.07999992370605
India,2011,6587.01025390625,498.7433471679688,429.3339538574219,2915.216796875,456.895263671875,0.8299999833106995,23.950000762939453,131.6999969482422,32.220001220703125
India,2012,6937.76806640625,494.8507690429688,372.6782531738281,2966.210693359375,429.0638122558594,2.0999999046325684,27.43000030517578,115.77999877929688,33.13999938964844
India,2013,7163.0615234375,490.8578796386719,310.6312866210937,2974.11669921875,481.4220886230469,3.430000066757202,30.01000022888184,131.97999572753906,33.310001373291016
India,2014,7652.73193359375,484.2956848144531,293.5521850585937,3133.7236328125,520.3690185546875,4.909999847412109,33.45000076293945,139.0,34.689998626708984
India,2015,7892.48974609375,478.8405151367188,281.42779541015625,3268.10302734375,499.72650146484375,7.090000152587891,32.7400016784668,133.47999572753906,38.310001373291016
India,2016,8262.8564453125,472.0089111328125,265.8231506347656,3301.8310546875,524.18505859375,12.199999809265137,43.45000076293945,128.5500030517578,37.900001525878906
India,2017,8571.6708984375,470.2848815917969,276.9332580566406,3329.7529296875,579.7371826171875,22.36000061035156,52.630001068115234,135.97999572753906,37.40999984741211
India,2018,9063.3603515625,459.9357604980469,274.91485595703125,3555.3447265625,659.3104858398438,37.45000076293945,60.310001373291016,139.9199981689453,39.04999923706055
India,2019,9281.5947265625,435.9764709472656,269.05523681640625,3498.87841796875,748.695068359375,37.45000076293945,63.310001373291016,162.2899932861328,45.15999984741211
India,2020,8792.2197265625,408.7776184082031,237.60626220703125,3497.0810546875,777.5651245117188,52.90999984741211,60.43000030517578,163.94000244140625,44.61000061035156
India,2021,9544.96875,395.4141845703125,285.3881225585937,3716.606201171875,822.0073852539062,65.58999633789062,68.08999633789062,160.57000732421875,43.91999816894531
India,2022,10059.4775390625,384.0568237304688,298.019287109375,4180.37548828125,942.5363159179688,95.91999816894533,70.05000305175781,175.08999633789062,46.18999862670898
India,2023,10827.859375,378.5846252441406,315.8548889160156,4674.38232421875,954.197998046875,115.41999816894533,82.11000061035156,149.42999267578125,48.20000076293945
India,2024,11336.056640625,382.46527099609375,323.53692626953125,5015.14892578125,1031.3695068359375,143.07000732421875,81.54000091552734,156.52999877929688,54.70000076293945
India,2025,,,,,,195.9900054931641,103.9800033569336,177.97000122070312,53.83000183105469
United Kingdom,1900,,0.0,0.0,1566.4566650390625,,,,,
United Kingdom,1901,,0.0,0.0,1523.788818359375,,,,,
United Kingdom,1902,,0.0,0.0,1579.773193359375,,,,,
United Kingdom,1903,,0.0,0.0,1602.3052978515625,,,,,
United Kingdom,1904,,0.0,0.0,1616.8748779296875,,,,,
United Kingdom,1905,,0.0,0.0,1642.6180419921875,,,,,
United Kingdom,1906,,0.0,0.0,1746.542236328125,,,,,
United Kingdom,1907,,0.0,0.0,1863.1531982421875,,,,,
United Kingdom,1908,,0.0,0.0,1819.3145751953125,,,,,
United Kingdom,1909,,0.0,0.0,1834.931640625,,,,,
United Kingdom,1910,,0.0,0.0,1839.511962890625,,,,,
United Kingdom,1911,,0.0,0.0,1891.4022216796875,,,,,
United Kingdom,1912,,0.0,0.0,1811.571044921875,,,,,
United Kingdom,1913,,0.0,0.0,1999.4892578125,,,,,
United Kingdom,1914,,0.0,0.0,1848.0770263671875,,,,,
United Kingdom,1915,,0.0,0.0,1761.3719482421875,,,,,
United Kingdom,1916,,0.0,0.0,1783.458984375,,,,,
United Kingdom,1917,,0.0,0.0,1728.6727294921875,,,,,
United Kingdom,1918,,0.0,0.0,1584.326171875,,,,,
United Kingdom,1919,,0.0,0.0,1598.3753662109375,,,,,
United Kingdom,1920,,0.0,0.0,1596.656982421875,,,,,
United Kingdom,1921,,0.0,0.0,1135.594482421875,,,,,
United Kingdom,1922,,0.0,0.0,1736.2998046875,,,,,
United Kingdom,1923,,0.0,0.0,1919.897705078125,,,,,
United Kingdom,1924,,0.0,0.0,1856.2724609375,,,,,
United Kingdom,1925,,0.0,0.0,1699.58154296875,,,,,
United Kingdom,1926,,0.0,0.0,873.51416015625,,,,,
United Kingdom,1927,,0.0,0.0,1747.6856689453125,,,,,
United Kingdom,1928,,0.0,0.0,1651.81298828125,,,,,
United Kingdom,1929,,0.0,0.0,1793.982177734375,,,,,
United Kingdom,1930,,0.0,0.0,1696.41162109375,,,,,
United Kingdom,1931,,0.0,0.0,1526.5205078125,,,,,
United Kingdom,1932,,0.0,0.0,1452.0091552734375,,,,,
United Kingdom,1933,,0.0,0.0,1440.72607421875,,,,,
United Kingdom,1934,,0.0,0.0,1535.434814453125,,,,,
United Kingdom,1935,,0.0,0.0,1545.9921875,,,,,
United Kingdom,1936,,0.0,0.0,1589.0914306640625,,,,,
United Kingdom,1937,,0.0,0.0,1672.2843017578125,,,,,
United Kingdom,1938,,0.0,0.0,1579.068115234375,,,,,
United Kingdom,1939,,0.046519998461008,0.0,1609.288818359375,,,,,
United Kingdom,1940,,0.1977100074291229,0.0,1560.3221435546875,,,,,
United Kingdom,1941,,0.3605299890041351,0.0,1435.419921875,,,,,
United Kingdom,1942,,0.9652900099754332,0.0,1425.7320556640625,,,,,
United Kingdom,1943,,1.3374500274658203,0.0,1384.0020751953125,,,,,
United Kingdom,1944,,1.116479992866516,0.0,1340.9644775390625,,,,,
United Kingdom,1945,,0.8489900231361389,0.0,1271.5264892578125,,,,,
United Kingdom,1946,,0.6512799859046936,0.0,1322.2938232421875,,,,,
United Kingdom,1947,,0.5466099977493286,0.0,1373.650146484375,,,,,
United Kingdom,1948,,0.5117200016975403,0.0,1456.9935302734375,,,,,
United Kingdom,1949,,0.5349799990653992,0.0,1496.7242431640625,,,,,
United Kingdom,1950,,0.5349799990653992,0.0107732564210891,1504.7142333984375,,,,,
United Kingdom,1951,,0.5233500003814697,0.0,1550.538330078125,,,,,
United Kingdom,1952,,0.6512799859046936,0.0,1575.5694580078125,,,,,
United Kingdom,1953,,0.6396499872207642,0.0969593077898025,1559.6854248046875,,,,,
United Kingdom,1954,,0.6861699819564819,0.0,1558.87060546875,,,,,
United Kingdom,1955,,0.6280199885368347,0.3231976926326751,1541.726806640625,,,,,
United Kingdom,1956,,0.767579972743988,0.1723721027374267,1544.37646484375,,,,,
United Kingdom,1957,,0.953660011291504,0.3124244511127472,1555.6595458984375,,,,,
United Kingdom,1958,,0.930400013923645,0.5171163082122803,1501.3525390625,,,,,
United Kingdom,1959,,0.9652900099754332,0.6679419279098511,1433.7630615234375,,,,,
United Kingdom,1960,,1.0001800060272217,0.8510872721672058,1346.7978515625,,,,,
United Kingdom,1961,,1.2327799797058103,0.8834070563316345,1326.3333740234375,,,,,
United Kingdom,1962,,1.2909300327301023,1.2820175886154177,1373.4515380859375,,,,,
United Kingdom,1963,,1.430490016937256,1.7129478454589844,1362.031494140625,,,,,
United Kingdom,1964,,1.4770100116729736,1.91763973236084,1346.8936767578125,,,,,
United Kingdom,1965,2316.224609375,0.9769200086593628,2.0361454486846924,1304.266845703125,12.811110496520996,0.0,0.0,4.611999988555908,15.135000228881836
United Kingdom,1966,2327.5,0.907140016555786,1.982279181480408,1214.5013427734375,12.599998474121094,0.0,0.0,4.535999774932861,20.21699905395508
United Kingdom,1967,2328.214111328125,1.0350700616836548,7.002616882324219,1197.453369140625,13.56944465637207,0.0,0.0,4.885000228881836,23.277000427246094
United Kingdom,1968,2411.42431640625,0.9769200086593628,23.690391540527344,1141.4140625,10.33888816833496,0.0,0.0,3.721999883651733,26.190000534057617
United Kingdom,1969,2498.730224609375,0.9885500073432922,56.57036972045898,1047.321533203125,9.04444408416748,0.0,0.0,3.25600004196167,29.125
United Kingdom,1970,2551.04296875,1.8142800331115725,109.49644470214844,1007.1936645507812,12.599998474121094,0.0,0.0,4.535999774932861,26.011999130249023
United Kingdom,1971,2503.849609375,2.465559959411621,181.9629821777344,1006.8855590820312,9.369443893432615,0.0,0.0,3.372999906539917,27.54800033569336
United Kingdom,1972,2540.698486328125,3.872790098190308,262.5588684082031,834.1189575195312,9.369443893432615,0.0,0.0,3.372999906539917,29.37800025939941
United Kingdom,1973,2667.083251953125,4.32636022567749,285.0745544433594,903.6185913085938,10.661110877990724,0.0,0.0,3.838000059127808,27.996999740600582
United Kingdom,1974,2533.17919921875,4.76830005645752,343.8060607910156,756.177490234375,11.30833339691162,0.0,0.0,4.071000099182129,33.617000579833984
United Kingdom,1975,2388.249267578125,18.23583984375,358.0062866210937,880.9906616210938,10.661110877990724,0.0,0.0,3.838000059127808,30.33799934387207
United Kingdom,1976,2437.3583984375,141.5254669189453,379.1263732910156,847.565673828125,12.599998474121094,0.0,0.0,4.535999774932861,36.15499877929688
United Kingdom,1977,2482.948486328125,445.0219421386719,396.1294250488281,836.3098754882812,10.983332633972168,0.0,0.0,3.953999996185303,40.02099990844727
United Kingdom,1978,2497.19287109375,628.0897827148438,379.3357238769531,846.0799560546875,11.30833339691162,0.0,0.0,4.071000099182129,37.2239990234375
United Kingdom,1979,2614.038818359375,905.4419555664062,383.0456848144531,837.8092651367188,11.952776908874512,0.0,0.0,4.302999973297119,38.30799865722656
United Kingdom,1980,2381.12548828125,935.8312377929688,364.1469421386719,971.1285400390624,10.983332633972168,0.0,0.0,3.953999996185303,37.02299880981445
United Kingdom,1981,2315.191650390625,1040.6524658203125,363.3328247070313,907.2330322265624,12.274999618530272,0.0,0.0,4.419000148773193,37.96900177001953
United Kingdom,1982,2285.169189453125,1200.43701171875,369.2873840332031,884.6824951171875,12.599998474121094,0.0,0.0,4.535999774932861,43.97200012207031
United Kingdom,1983,2294.408935546875,1336.9847412109375,380.7778015136719,845.4544677734375,12.599998474121094,0.0,0.0,4.535999774932861,49.928001403808594
United Kingdom,1984,2293.41650390625,1466.135986328125,372.2413940429688,357.261962890625,12.60280418395996,0.0010101010557264,0.0,4.535999774932861,53.979000091552734
United Kingdom,1985,2390.726318359375,1484.115966796875,415.3189392089844,657.932373046875,10.9866943359375,0.0010101010557264,0.0,3.954200029373169,61.095001220703125
United Kingdom,1986,2457.055419921875,1477.8009033203125,436.64837646484375,762.8349609375,13.248083114624023,0.0010101010557264,0.0,4.76830005645752,59.07899856567383
United Kingdom,1987,2452.935791015625,1434.5721435546875,457.1404113769531,734.8880615234375,11.629999160766602,0.0,0.0,4.186800003051758,55.23799896240234
United Kingdom,1988,2485.687255859375,1331.158203125,440.23040771484375,736.2139282226562,13.571139335632324,0.0010101010557264,0.0,4.884600162506104,63.45600128173828
United Kingdom,1989,2488.6923828125,1066.5872802734375,431.1124877929688,708.0576782226562,13.27027702331543,0.0,0.0089999996125698,4.76830005645752,71.73400115966797
United Kingdom,1990,2508.393310546875,1065.3544921875,476.0391540527344,656.43212890625,16.101318359375,0.0,0.0099999997764825,5.119999885559082,65.75
United Kingdom,1991,2561.216552734375,1061.3538818359375,530.025634765625,669.3646850585938,14.773853302001951,0.0,0.0099999997764825,4.539999961853027,70.54000091552734
United Kingdom,1992,2545.327392578125,1096.13916015625,538.9923706054688,599.1077880859375,17.871597290039062,0.0,0.0299999993294477,5.349999904632568,76.80999755859375
United Kingdom,1993,2574.72509765625,1165.1981201171875,633.6954345703125,483.66845703125,16.299583435058594,0.0,0.2199999988079071,4.300000190734863,89.3499984741211
United Kingdom,1994,2543.822998046875,1471.6834716796875,676.5403442382812,345.45751953125,19.91531181335449,0.0,0.3400000035762787,5.119999885559082,88.27999877929688
United Kingdom,1995,2552.54541015625,1510.667236328125,740.4534301757812,380.8941345214844,19.14110946655273,0.0,0.3899999856948852,4.650000095367432,88.95999908447266
United Kingdom,1996,2676.294921875,1508.8878173828125,880.6077270507812,362.1046447753906,16.428152084350586,0.0,0.4900000095367431,3.400000095367432,94.66999816894533
United Kingdom,1997,2629.998779296875,1487.279296875,898.5086669921875,352.4288024902344,20.65740394592285,0.0,0.6700000166893005,4.400000095367432,98.1500015258789
United Kingdom,1998,2651.6181640625,1542.521728515625,943.97314453125,299.5555725097656,24.946081161499023,0.0,0.8799999952316284,5.119999885559082,99.48999786376952
United Kingdom,1999,2639.21923828125,1594.4613037109375,1037.366943359375,270.0400390625,27.900928497314453,0.0,0.8500000238418579,5.340000152587891,95.12999725341795
United Kingdom,2000,2664.1162109375,1468.2294921875,1134.5904541015625,227.38368225097656,28.88825035095215,0.0,0.9399999976158142,5.090000152587891,85.05999755859375
United Kingdom,2001,2691.80615234375,1356.9696044921875,1108.13671875,232.2367401123047,28.01570701599121,0.0,0.959999978542328,4.050000190734863,90.08999633789062
United Kingdom,2002,2630.840087890625,1348.4317626953125,1084.864501953125,218.732162475586,32.46733093261719,0.0,1.25,4.789999961853027,87.8499984741211
United Kingdom,2003,2668.734375,1233.628173828125,1078.06103515625,205.10464477539065,31.79527473449707,0.0,1.2899999618530271,3.2300000190734863,88.69000244140625
United Kingdom,2004,2690.65185546875,1109.19970703125,1009.1314086914062,172.2869110107422,41.57822799682617,0.0,1.940000057220459,4.840000152587891,80.0
United Kingdom,2005,2712.682373046875,985.306640625,923.3902587890624,140.4687957763672,50.33787536621094,0.0099999997764825,2.900000095367432,4.920000076293945,81.62000274658203
United Kingdom,2006,2678.33740234375,890.6002807617188,837.4841918945312,126.1509017944336,54.69097137451172,0.0099999997764825,4.21999979019165,4.590000152587891,75.44999694824219
United Kingdom,2007,2604.1923828125,890.5682983398438,754.9284057617188,118.1812515258789,60.73181915283203,0.0099999997764825,5.269999980926514,5.079999923706055,63.02999877929688
United Kingdom,2008,2558.816162109375,834.9041137695312,727.7056274414062,124.90552520751952,71.73001861572266,0.0199999995529651,7.130000114440918,5.139999866485596,52.4900016784668
United Kingdom,2009,2422.8115234375,793.1489868164062,612.0574951171875,121.9608154296875,72.2067642211914,0.0199999995529651,9.279999732971191,5.230000019073486,69.0999984741211
United Kingdom,2010,2475.146484375,732.2435302734375,579.0093383789062,126.23108673095705,75.11563873291016,0.0399999991059303,10.289999961853027,3.5899999141693115,62.13999938964844
United Kingdom,2011,2332.1884765625,604.4392700195312,460.82525634765625,127.4113998413086,99.17977142333984,0.2399999946355819,15.960000038146973,5.690000057220459,68.9800033569336
United Kingdom,2012,2375.14599609375,518.2423706054688,391.9238586425781,116.92457580566406,115.1930694580078,1.350000023841858,19.84000015258789,5.309999942779541,70.41000366210938
United Kingdom,2013,2388.47314453125,472.7174987792969,369.8038024902344,88.0929183959961,158.21852111816406,2.009999990463257,28.39999961853028,4.699999809265137,70.61000061035156
United Kingdom,2014,2255.70751953125,464.3617248535156,374.3151550292969,80.53345489501953,190.8453521728516,4.050000190734863,31.950000762939453,5.889999866485596,63.75
United Kingdom,2015,2279.46728515625,526.6962890625,406.61181640625,59.48622131347656,239.2272491455078,7.53000020980835,40.27000045776367,6.300000190734863,70.33999633789062
United Kingdom,2016,2246.921875,551.7804565429688,417.3819580078125,31.711803436279297,237.9273834228516,10.40999984741211,37.15999984741211,5.369999885559082,71.7300033569336
United Kingdom,2017,2251.04296875,542.3107299804688,418.8464660644531,22.859071731567383,277.95916748046875,11.460000038146973,49.650001525878906,5.880000114440918,70.33999633789062
United Kingdom,2018,2246.42431640625,591.6226806640625,405.5269775390625,21.001686096191406,311.5966796875,12.670000076293944,56.90999984741211,5.440000057220459,65.05999755859375
United Kingdom,2019,2192.984619140625,602.6399536132812,392.90911865234375,19.717851638793945,341.0111999511719,12.420000076293944,63.84000015258789,5.929999828338623,56.18000030517578
United Kingdom,2020,1982.8426513671875,569.6985473632812,395.7142028808594,12.792069435119627,374.2622680664063,12.550000190734863,75.62000274658203,6.880000114440918,50.2400016784668
United Kingdom,2021,1990.96728515625,475.2449340820313,327.8641357421875,8.133556365966797,344.9913024902344,12.130000114440918,64.93000030517578,5.420000076293945,46.09999847412109
United Kingdom,2022,2009.94384765625,439.05810546875,381.1819763183594,4.99368953704834,379.6294250488281,13.34000015258789,80.20999908447266,5.659999847412109,47.400001525878906
United Kingdom,2023,1929.626220703125,388.97509765625,344.89678955078125,3.954083681106568,381.35400390625,13.880000114440918,82.1500015258789,5.539999961853027,40.59999847412109
United Kingdom,2024,1936.9595947265625,353.5362243652344,307.186279296875,0.8324427604675293,408.14697265625,14.789999961853027,83.27999877929688,5.760000228881836,40.59000015258789
United Kingdom,2025,,,,,,19.31999969482422,85.83999633789062,5.550000190734863,36.380001068115234
United States,1900,,98.64566040039062,73.84042358398438,1829.3948974609373,,,,,
United States,1901,,107.60076141357422,81.82806396484375,1989.593017578125,,,,,
United States,1902,,137.64105224609375,89.81570434570312,2075.748779296875,,,,,
United States,1903,,155.78384399414062,97.8033447265625,2424.118408203125,,,,,
United States,1904,,181.5559234619141,105.79098510742188,2386.5439453125,,,,,
United States,1905,,208.89805603027344,113.77862548828124,2664.02685546875,,,,,
United States,1906,,196.15158081054688,121.76626586914062,2809.427001953125,,,,,
United States,1907,,257.5579833984375,129.75390625,3258.53369140625,,,,,
United States,1908,,276.84051513671875,137.74154663085938,2820.86767578125,,,,,
United States,1909,,284.0394897460937,145.72918701171875,3125.927490234375,,,,,
United States,1910,,324.9538269042969,153.71682739257812,3402.5654296875,,,,,
United States,1911,,341.840576171875,162.00318908691406,3367.1220703125,,,,,
United States,1912,,345.7017517089844,170.28956604003906,3625.544677734375,,,,,
United States,1913,,385.25537109375,178.575927734375,3866.31298828125,,,,,
United States,1914,,412.1090393066406,186.8622894287109,3483.49462890625,,,,,
United States,1915,,435.8923950195313,195.148666381836,3605.5947265625,,,,,
United States,1916,,466.3630065917969,203.43502807617188,4002.216796875,,,,,
United States,1917,,519.977294921875,211.72140502929688,4418.01123046875,,,,,
United States,1918,,551.9249267578125,220.0077667236328,4600.6416015625,,,,,
United States,1919,,605.911376953125,228.2941436767578,3757.724609375,,,,,
United States,1920,,722.4788818359375,236.5805053710937,4465.32861328125,,,,,
United States,1921,,752.6703491210938,244.8668670654297,3435.12255859375,,,,,
United States,1922,,888.7064208984375,253.1532440185547,3235.390869140625,,,,,
United States,1923,,1167.314697265625,296.52301025390625,4462.8837890625,,,,,
United States,1924,,1140.0191650390625,339.8927917480469,3877.536865234375,,,,,
United States,1925,,1216.75390625,383.2625732421875,3947.780517578125,,,,,
United States,1926,,1238.2926025390625,426.6323547363281,4462.203125,,,,,
United States,1927,,1436.1422119140625,470.0021362304688,4055.56884765625,,,,,
United States,1928,,1437.375,513.3719482421875,3907.91796875,,,,,
United States,1929,,1606.1495361328125,536.5224609375,4129.90283203125,,,,,
United States,1930,,1431.8507080078125,559.6730346679688,3642.1298828125,,,,,
United States,1931,,1357.0233154296875,582.8235473632812,2996.499267578125,,,,,
United States,1932,,1251.911376953125,605.9740600585938,2439.103515625,,,,,
United States,1933,,1425.0936279296875,629.1246337890625,2599.24169921875,,,,,
United States,1934,,1429.6875,652.275146484375,2825.5634765625,,,,,
United States,1935,,1566.270263671875,675.4257202148438,2882.29345703125,,,,,
United States,1936,,1728.2877197265625,698.5762329101562,3351.75,,,,,
United States,1937,,2010.419921875,721.7267456054688,3376.99560546875,,,,,
United States,1938,,1908.564453125,783.131591796875,2679.772705078125,,,,,
United States,1939,,1988.1019287109373,844.5364990234375,3030.5078125,,,,,
United States,1940,,2126.81298828125,905.9413452148438,3477.546630859375,,,,,
United States,1941,,2203.83837890625,967.34619140625,3872.600341796875,,,,,
United States,1942,,2179.345703125,1028.7509765625,4364.57421875,,,,,
United States,1943,,2365.635009765625,1090.1558837890625,4417.3203125,,,,,
United States,1944,,2637.114013671875,1151.560791015625,4637.3115234375,,,,,
United States,1945,,2693.298583984375,1212.965576171875,4293.3154296875,,,,,
United States,1946,,2725.176513671875,1274.3704833984375,4052.807861328125,,,,,
United States,1947,,2918.57177734375,1406.01318359375,4687.86474609375,,,,,
United States,1948,,3175.0712890625,1579.69091796875,4478.1474609375,,,,,
United States,1949,,2894.927978515625,1663.1651611328125,3283.711181640625,,,,,
United States,1950,,3101.81396484375,1927.675048828125,3827.293212890625,,,,,
United States,1951,,3532.658935546875,2288.229736328125,3938.854248046875,,,,,
United States,1952,,3598.86865234375,2458.840576171875,3468.00634765625,,,,,
United States,1953,,3704.56201171875,2576.677490234375,3337.26611328125,,,,,
United States,1954,,3638.39892578125,2682.843505859375,2876.268310546875,,,,,
United States,1955,,3904.70263671875,2885.986083984375,3353.9404296875,,,,,
United States,1956,,4113.5078125,3093.72314453125,3615.84912109375,,,,,
United States,1957,,4112.90283203125,3277.229736328125,3534.164306640625,,,,,
United States,1958,,3849.006591796875,3384.631103515625,2946.533203125,,,,,
United States,1959,,4046.414306640625,3696.399169921875,2955.26904296875,,,,,
United States,1960,,4046.94921875,3918.86328125,2967.376220703125,,,,,
United States,1961,,4120.5439453125,4044.990234375,2875.1416015625,,,,,
United States,1962,,4206.09423828125,4234.93359375,3002.470703125,,,,,
United States,1963,,4326.37158203125,4500.66845703125,3257.848876953125,,,,,
United States,1964,,4379.962890625,4755.4580078125,3442.7861328125,,,,,
United States,1965,14439.7001953125,4974.08642578125,4921.9833984375,3597.984375,594.3690185546875,0.0,0.0,198.97409057617188,3.849156856536865
United States,1966,15247.3642578125,5286.28662109375,5280.0888671875,3739.199951171875,599.3240356445312,0.0,0.0,199.93690490722656,5.810430526733398
United States,1967,15778.5390625,5631.49755859375,5575.89501953125,3866.382080078125,675.1488037109375,0.0,0.0,227.22080993652344,8.058119773864746
United States,1968,16719.38671875,5848.49853515625,5929.09130859375,3813.438232421875,682.344482421875,0.0,0.0,228.1547088623047,13.187809944152832
United States,1969,17583.423828125,5947.0205078125,6351.32763671875,3911.757080078125,761.89990234375,0.0,0.0,256.0285339355469,14.660882949829102
United States,1970,18205.83984375,6204.4873046875,5714.623046875,4201.81689453125,754.8826293945312,0.0,0.0,253.49237060546875,22.952051162719727
United States,1971,18589.009765625,6116.076171875,5876.60595703125,3810.7822265625,808.0873413085938,0.0,0.0,272.2539978027344,40.11004638671875
United States,1972,19514.08203125,6139.3359375,5857.55029296875,4096.94775390625,832.5640869140625,0.0,0.0,278.7159729003906,56.93803787231445
United States,1973,20339.794921875,5985.40625,5852.22314453125,4075.425537109375,835.2808227539062,0.0,0.0,278.21270751953125,87.87311553955078
United States,1974,19842.607421875,5715.05517578125,5594.4716796875,4152.22216796875,917.3317260742188,0.0,0.0,307.2846374511719,119.9744644165039
United States,1975,19319.48046875,5463.43017578125,5180.41455078125,4458.6728515625,912.328857421875,0.0,0.0,306.2148132324219,181.58428955078125
United States,1976,20376.5078125,5326.30517578125,5138.2060546875,4669.1279296875,875.5771484375,0.0,0.0,289.82244873046875,201.1616058349609
United States,1977,20895.646484375,5382.40771484375,5160.626953125,4757.18896484375,700.9315795898438,0.0,0.0,225.8572540283203,264.0876770019531
United States,1978,21359.291015625,5631.31201171875,5139.49853515625,4510.97119140625,872.4782104492188,0.0,0.0,286.3285217285156,290.9505920410156
United States,1979,21584.400390625,5547.4091796875,5295.4169921875,5335.7197265625,874.7523803710938,0.0,0.0,285.9353332519531,268.58380126953125
United States,1980,20751.95703125,5584.64892578125,5250.90771484375,5455.2890625,866.6395263671875,0.0,0.0,282.0021057128906,264.3321838378906
United States,1981,20138.09375,5568.40576171875,5195.92724609375,5116.41552734375,825.85986328125,0.0,0.0,266.509765625,287.0247497558594
United States,1982,19318.140625,5590.81103515625,4831.8984375,5189.36083984375,958.9859619140624,0.0,0.0,315.529296875,297.6560363769531
United States,1983,19250.53125,5616.85546875,4376.73828125,4801.77490234375,1033.9263916015625,0.003000000026077,0.0026949495077133,338.6776428222656,309.1338195800781
United States,1984,20235.689453125,5770.06884765625,4749.84375,5490.17529296875,1021.2328491210938,0.0053010103292763,0.0065555553883314,327.5872497558594,344.8774108886719
United States,1985,20184.24609375,5799.94091796875,4478.81201171875,5380.46484375,911.5025634765624,0.0107373734936118,0.0058202021755278,287.182373046875,403.8849792480469
United States,1986,20371.607421875,5609.49169921875,4362.8671875,5431.77734375,945.92431640625,0.0141737377271056,0.0042313132435083,296.9749755859375,435.82952880859375
United States,1987,21055.265625,5434.2373046875,4519.8115234375,5607.63623046875,842.8416137695312,0.0106030302122235,0.0035767676308751,255.4102020263672,479.2319946289063
United States,1988,22014.583984375,5338.890625,4641.87548828125,5773.7216796875,766.9111328125,0.0091858590021729,0.0008797979680821,228.3846435546875,554.70849609375
United States,1989,22546.82421875,4989.65478515625,4707.4677734375,5947.0478515625,922.4214477539062,0.2531323134899139,2.1333768367767334,274.72418212890625,557.2155151367188
United States,1990,22609.1953125,4845.2587890625,4833.779296875,6260.927734375,1017.0388793945312,0.3707949519157409,2.816767692565918,292.2809143066406,607.2228393554688
United States,1991,22579.71875,4918.28857421875,4808.08349609375,6023.95947265625,1016.3491821289062,0.4782528877258301,2.9807586669921875,287.3260192871094,644.8053588867188
United States,1992,22913.111328125,4803.560546875,4846.689453125,6040.0263671875,932.235107421875,0.4088444709777832,2.916689872741699,251.42567443847656,651.3434448242188
United States,1993,23396.38671875,4617.185546875,4901.79931640625,5661.80224609375,1020.3499755859376,0.4751618802547455,3.036188840866089,279.2509460449219,642.4118041992188
United States,1994,23824.130859375,4506.61767578125,5103.30859375,6181.44873046875,967.663818359375,0.5018727779388428,3.48192834854126,259.34130859375,674.147216796875
United States,1995,24343.41796875,4460.72998046875,5033.20849609375,6161.255859375,1103.45263671875,0.5144715905189514,3.1962151527404785,311.2198181152344,708.8443603515625
United States,1996,25165.373046875,4443.333984375,5102.32080078125,6345.17919921875,1200.7684326171875,0.541341245174408,3.2667362689971924,347.5494689941406,710.2406005859375
United States,1997,25354.095703125,4418.8193359375,5115.39892578125,6489.80615234375,1233.31103515625,0.5326957106590271,3.3212475776672363,355.9731140136719,661.730712890625
United States,1998,25513.36328125,4281.3466796875,5173.2802734375,6694.603515625,1140.7471923828125,0.5246593356132507,3.05625867843628,322.0892639160156,709.1600952148438
United States,1999,25965.076171875,4101.0400390625,5101.38037109375,6485.7568359375,1133.5216064453125,0.5183420777320862,4.533331394195557,316.6051940917969,766.5833129882812
United States,2000,26546.236328125,4042.373291015625,5186.0029296875,6329.9580078125,1019.8790283203124,0.4900000095367431,5.590000152587891,270.0299987792969,753.8900146484375
United States,2001,25918.357421875,4006.664794921875,5318.9501953125,6555.9208984375,849.3164672851562,0.5400000214576721,6.739999771118164,208.13999938964844,768.8300170898438
United States,2002,26297.26953125,3976.3623046875,5112.28759765625,6329.052734375,1008.915283203125,0.550000011920929,10.350000381469728,255.58999633789065,780.0599975585938
United States,2003,26383.083984375,3867.63330078125,5178.55810546875,6151.26220703125,1054.697509765625,0.5299999713897705,11.1899995803833,267.2699890136719,763.72998046875
United States,2004,26899.1171875,3783.905029296875,5031.10107421875,6362.42529296875,1057.395263671875,0.5799999833106995,14.140000343322754,259.92999267578125,788.530029296875
United States,2005,26912.564453125,3593.53369140625,4894.408203125,6455.16259765625,1087.4224853515625,0.550000011920929,17.809999465942383,263.760009765625,781.989990234375
United States,2006,26699.962890625,3541.373046875,5017.240234375,6623.41796875,1197.585205078125,0.5099999904632568,26.59000015258789,282.69000244140625,787.219970703125
United States,2007,27066.7109375,3546.876708984375,5218.88916015625,6540.7890625,1139.0406494140625,0.6100000143051147,34.45000076293945,240.6100006103516,806.4199829101562
United States,2008,26407.25,3514.84375,5460.67431640625,6640.64013671875,1271.33984375,0.8600000143051147,55.36000061035156,248.5399932861328,806.2100219726562
United States,2009,25110.52734375,3751.68017578125,5575.8251953125,6020.42236328125,1400.78125,0.8899999856948853,73.88999938964844,268.82000732421875,798.8499755859375
United States,2010,25953.546875,3874.47802734375,5751.57421875,6135.828125,1458.154296875,1.2100000381469729,94.6500015258789,254.6999969482422,806.969970703125
United States,2011,25729.087890625,4028.88671875,6173.58544921875,6186.8291015625,1703.81787109375,1.820000052452088,120.18000030517578,312.92999267578125,790.2000122070312
United States,2012,25047.3671875,4597.07958984375,6491.24853515625,5756.8095703125,1658.88037109375,4.329999923706055,140.82000732421875,271.2900085449219,769.3300170898438
United States,2013,25728.62890625,5216.94677734375,6556.92724609375,5568.71337890625,1763.835205078125,9.039999961853027,167.83999633789062,263.8800048828125,789.02001953125
United States,2014,25995.9140625,6095.6357421875,7047.2646484375,5647.8955078125,1815.2369384765625,28.920000076293945,181.6499938964844,253.19000244140625,797.1699829101562
United States,2015,25747.42578125,6590.3603515625,7403.0322265625,4996.50732421875,1850.3414306640625,39.02999877929688,190.72000122070312,243.9900054931641,797.1799926757812
United States,2016,25727.05078125,6313.6298828125,7273.56103515625,4083.57470703125,2045.8004150390625,54.869998931884766,226.9900054931641,261.1300048828125,805.6900024414062
United States,2017,25822.15625,6678.7587890625,7471.0732421875,4350.37890625,2248.14306640625,77.27999877929688,254.3000030517578,293.8399963378906,804.9500122070312
United States,2018,26768.98828125,7792.10009765625,8409.3623046875,4277.451171875,2300.447998046875,93.36000061035156,272.6700134277344,286.6199951171875,807.0800170898438
United States,2019,26578.494140625,8735.462890625,9281.1103515625,3969.05419921875,2369.579345703125,106.88999938964844,295.8800048828125,282.6099853515625,809.4099731445312
United States,2020,24630.39453125,8298.5,9248.1298828125,2979.96240234375,2477.656005859375,130.72000122070312,337.94000244140625,279.95001220703125,789.8800048828125
United States,2021,25956.828125,8349.484375,9444.55859375,3228.6083984375,2610.05517578125,164.4199981689453,378.2000122070313,246.47000122070312,779.6500244140625
United States,2022,26512.509765625,8910.3505859375,9907.005859375,3353.035888671875,2865.250732421875,205.07000732421875,434.2999877929688,248.759994506836,771.5399780273438
United States,2023,26216.544921875,9647.6181640625,10330.1005859375,3272.0107421875,2919.287353515625,238.94000244140625,421.1400146484375,239.009994506836,774.8699951171875
United States,2024,26528.611328125,9977.3837890625,10330.0439453125,2947.84130859375,3175.228271484375,303.75,451.8999938964844,237.0399932861328,781.8599853515625
United States,2025,,,,,,388.8200073242188,464.3900146484375,241.6999969482422,784.780029296875
