year,oil_production,gas_production,coal_production
1900,234.9492645263672,73.84042358398438,5349.88818359375
1901,262.8380126953125,81.82806396484375,5446.59521484375
1902,285.3885803222656,89.81570434570312,5578.42431640625
1903,305.04327392578125,97.8033447265625,6087.26025390625
1904,342.53839111328125,105.79098510742188,6118.24169921875
1905,336.8978271484375,113.77862548828124,6596.001953125
1906,335.5487670898437,121.76626586914062,6965.47607421875
1907,414.9002380371094,129.75390625,7705.01171875
1908,448.5342102050781,137.74154663085938,7322.5712890625
1909,471.3173828125,145.72918701171875,7651.541015625
1910,512.6387939453125,157.58900451660156,8062.11279296875
1911,543.0046997070312,165.96533203125,8205.7119140625
1912,551.75048828125,174.34165954589844,8610.94140625
1913,608.3303833007812,182.71798706054688,9226.5068359375
1914,626.5895385742188,191.0943145751953,8280.982421875
1915,672.5629272460938,199.4706420898437,8150.0751953125
1916,721.4902954101562,207.84698486328125,8742.185546875
1917,797.5388793945312,216.2233123779297,9104.1611328125
1918,791.81689453125,224.59963989257807,8941.4736328125
1919,901.778564453125,232.97596740722656,7583.65771484375
1920,1155.38232421875,241.352294921875,8691.7265625
1921,1250.8414306640625,249.72862243652344,7258.0126953125
1922,1396.22802734375,266.5861511230469,7660.61376953125
1923,1651.33203125,312.3464660644531,8922.9423828125
1924,1646.66845703125,358.1067810058594,8688.8740234375
1925,1726.5084228515625,403.8670959472656,8710.9326171875
1926,1771.9932861328125,449.6274108886719,8671.8076171875
1927,2023.119873046875,495.3877258300781,9344.693359375
1928,2124.591552734375,541.1480712890625,9178.9248046875
1929,2381.73095703125,574.6060180664062,9761.5830078125
1930,2271.234375,602.3995361328125,8920.0009765625
1931,2197.51171875,631.0239868164062,7866.67333984375
1932,2097.37744140625,659.6484375,6994.431640625
1933,2290.272705078125,688.2728881835938,7322.669921875
1934,2416.888427734375,716.8973388671875,7990.40087890625
1935,2627.658935546875,745.5217895507812,8334.595703125
1936,2861.701171875,774.146240234375,9155.564453125
1937,3257.144287109375,830.521484375,9618.814453125
1938,3179.63037109375,881.9483032226562,8974.3828125
1939,3312.7822265625,945.3051147460938,9479.8095703125
1940,3419.487548828125,1008.6619262695312,10455.5322265625
1941,3522.424560546875,1072.0186767578125,10838.0087890625
1942,3315.6083984375,1135.37548828125,11023.7744140625
1943,3568.095703125,1198.7322998046875,11329.4033203125
1944,4098.1328125,1262.089111328125,10878.439453125
1945,4093.34130859375,1325.4459228515625,8728.4833984375
1946,4354.17919921875,1396.3861083984375,9398.1689453125
1947,4796.53759765625,1544.8779296875,10559.6240234375
1948,5428.87255859375,1746.57373046875,10910.7802734375
1949,5397.73876953125,1866.3092041015625,10373.650390625
1950,6055.578125,2136.6337890625,11332.5751953125
1951,6867.23583984375,2534.50927734375,11939.0185546875
1952,7218.298828125,2729.626708984375,11870.5009765625
1953,7632.51318359375,2886.344970703125,11923.185546875
1954,7990.69384765625,3027.59814453125,11769.4384765625
1955,8955.4833984375,3293.56298828125,12787.8818359375
1956,9745.8583984375,3571.749755859375,13514.0908203125
1957,10270.7666015625,3880.7158203125,13893.7578125
1958,10527.9765625,4174.046875,14332.8076171875
1959,11360.8583984375,4659.67578125,14854.89453125
1960,12240.8427734375,5072.32373046875,15475.7998046875
1961,13029.3916015625,5449.4345703125,14579.5341796875
1962,14133.671875,5961.99462890625,14930.7509765625
1963,15164.04296875,6523.50390625,15383.5947265625
1964,16376.73828125,7127.6064453125,16064.466796875
1965,18231.08203125,7638.4853515625,16381.5576171875
1966,19796.810546875,8219.0380859375,16608.72265625
1967,21238.462890625,8845.134765625,16018.826171875
1968,23170.03125,9675.5732421875,16464.76171875
1969,24940.333984375,10625.7578125,16797.7890625
1970,27433.8828125,9760.8798828125,17469.681640625
1971,29000.791015625,10441.1826171875,17310.953125
1972,30649.970703125,10955.470703125,17251.29296875
1973,33445.12109375,11482.6953125,17558.373046875
1974,33519.6796875,11725.09765625,17712.75390625
1975,31837.767578125,11750.0966796875,18767.677734375
1976,34590.73828125,12256.7734375,19299.517578125
1977,35798.8671875,12774.1552734375,19885.986328125
1978,36124.16796875,13206.6005859375,20194.787109375
1979,37653.04296875,14097.0166015625,21380.146484375
1980,35949.5859375,14283.337890625,20968.07421875
1981,33858.3359375,14530.98046875,21445.23046875
1982,32518.732421875,14597.4833984375,22204.41015625
1983,32122.47265625,14728.052734375,22137.171875
1984,32752.21875,15988.6123046875,23105.615234375
1985,32465.681640625,16410.33984375,24276.4609375
1986,34069.390625,16834.78125,24852.248046875
1987,34148.0859375,17678.57421875,25321.212890625
1988,35607.5703125,18457.763671875,25936.24609375
1989,36037.48046875,19096.994140625,26394.40234375
1990,36726.77734375,19697.1640625,26344.89453125
1991,36627.70703125,19959.6875,25628.7578125
1992,37157.99609375,20018.33984375,25572.3828125
1993,37105.15625,20246.296875,24802.193359375
1994,37619.203125,20542.515625,25371.556640625
1995,38135.515625,20883.5,26146.544921875
1996,39151.23828125,21899.962890625,26502.8359375
1997,40023.1953125,21882.970703125,26894.830078125
1998,41034.703125,22023.701171875,26412.43359375
1999,40104.6875,23102.75,26421.25390625
2000,41796.28515625,24011.673828125,26812.115234375
2001,41854.5,24583.935546875,27948.263671875
2002,41349.2578125,25156.048828125,28287.12109375
2003,43184.2265625,26056.537109375,30361.0625
2004,45349.1484375,26944.16796875,32984.90234375
2005,45735.10546875,27582.2265625,35064.484375
2006,46100.17578125,28520.126953125,36829.42578125
2007,46004.73828125,29275.634765625,38453.0078125
2008,46497.7890625,30327.169921875,39718.609375
2009,45339.0390625,29408.00390625,39704.2734375
2010,46236.66015625,31447.28125,41832.45703125
2011,46622.3203125,32640.677734375,44787.50390625
2012,47892.4296875,33416.98046875,45246.11328125
2013,47965.85546875,33702.98828125,45969.5859375
2014,49090.75390625,34451.48828125,45840.07421875
2015,50735.2890625,35151.94921875,44567.7421875
2016,50937.78125,35535.94921875,42191.58984375
2017,51008.15625,36843.31640625,43193.328125
2018,52229.09765625,38559.54296875,45150.984375
2019,52156.90234375,39725.4375,45802.57421875
2020,48711.66015625,38669.66015625,43486.125
2021,49280.45703125,40465.74609375,45359.484375
2022,51482.99609375,40503.56640625,48548.546875
2023,52501.9140625,40642.18359375,50074.296875
2024,52831.05078125,41244.515625,50618.328125
2025,,,
